"","Built","n","prop"
"1","3.5.0",143,0.510714285714286
"2","3.5.1",118,0.421428571428571
"3","3.5.2",19,0.0678571428571429
